Workbook

Sheet Base de Vendas
A1: Data | B1: Pedido | C1: Produto | D1: Categoria | E1: Canal | F1: Região | G1: Quantidade | H1: Preço Unitário (R$) | I1: Faturamento (R$)
A2: 46080 | B2: PED-0001 | C2: Console Xbox | D2: Hardware | E2: Online | F2: Sul | G2: 3 | H2: 2499.9 | I2: =G2*H2
A3: 46094 | B3: PED-0002 | C3: Console Xbox | D3: Hardware | E3: Online | F3: Norte | G3: 5 | H3: 2499.9 | I3: =G3*H3
A4: 46239 | B4: PED-0003 | C4: Console Xbox | D4: Hardware | E4: Online | F4: Sul | G4: 1 | H4: 2499.9 | I4: =G4*H4
A5: 46142 | B5: PED-0004 | C5: Jogo Digital | D5: Jogos | E5: Online | F5: Norte | G5: 5 | H5: 299.9 | I5: =G5*H5
A6: 46124 | B6: PED-0005 | C6: Jogo Digital | D6: Jogos | E6: Online | F6: Centro-Oeste | G6: 4 | H6: 299.9 | I6: =G6*H6
A7: 46165 | B7: PED-0006 | C7: Console Xbox | D7: Hardware | E7: Marketplace | F7: Centro-Oeste | G7: 2 | H7: 2499.9 | I7: =G7*H7
A8: 46197 | B8: PED-0007 | C8: Headset Gamer | D8: Acessórios | E8: Online | F8: Nordeste | G8: 2 | H8: 499.9 | I8: =G8*H8
A9: 46075 | B9: PED-0008 | C9: Console Xbox | D9: Hardware | E9: Online | F9: Nordeste | G9: 4 | H9: 2499.9 | I9: =G9*H9
A10: 46199 | B10: PED-0009 | C10: Jogo Digital | D10: Jogos | E10: Online | F10: Centro-Oeste | G10: 3 | H10: 299.9 | I10: =G10*H10
A11: 46297 | B11: PED-0010 | C11: Console Xbox | D11: Hardware | E11: Online | F11: Norte | G11: 4 | H11: 2499.9 | I11: =G11*H11
A12: 46173 | B12: PED-0011 | C12: Jogo Digital | D12: Jogos | E12: Marketplace | F12: Sul | G12: 3 | H12: 299.9 | I12: =G12*H12
A13: 46058 | B13: PED-0012 | C13: Console Xbox | D13: Hardware | E13: Loja Física | F13: Sudeste | G13: 2 | H13: 2499.9 | I13: =G13*H13
... A61: 46118 | B61: PED-0060 | C61: Console Xbox | D61: Hardware | E61: Online | F61: Sul | G61: 5 | H61: 2499.9 | I61: =G61*H61

Sheet Dashboard
A1: DASHBOARD DE VENDAS
A3: FATURAMENTO TOTAL | E3: UNIDADES VENDIDAS | I3: PEDIDOS
A4: =SUM('Base de Vendas'!I2:I61) | E4: =SUM('Base de Vendas'!G2:G61) | I4: =COUNTA('Base de Vendas'!B2:B61)
A8: Produto | B8: Faturamento | D8: Canal | E8: Faturamento | G8: Mês | H8: Faturamento
A9: Console Xbox | B9: =SUMIF('Base de Vendas'!C:C,A9,'Base de Vendas'!I:I) | D9: Online | E9: =SUMIF('Base de Vendas'!E:E,D9,'Base de Vendas'!I:I) | G9: 46023 | H9: =SUMIFS('Base de Vendas'!I:I,'Base de Vendas'!A:A,">="&G9,'Base de Vendas'!A:A,"<"&EDATE(G9,1))
A10: Controle Xbox | B10: =SUMIF('Base de Vendas'!C:C,A10,'Base de Vendas'!I:I) | D10: Loja Física | E10: =SUMIF('Base de Vendas'!E:E,D10,'Base de Vendas'!I:I) | G10: 46054 | H10: =SUMIFS('Base de Vendas'!I:I,'Base de Vendas'!A:A,">="&G10,'Base de Vendas'!A:A,"<"&EDATE(G10,1))
A11: Headset Gamer | B11: =SUMIF('Base de Vendas'!C:C,A11,'Base de Vendas'!I:I) | D11: Marketplace | E11: =SUMIF('Base de Vendas'!E:E,D11,'Base de Vendas'!I:I) | G11: 46082 | H11: =SUMIFS('Base de Vendas'!I:I,'Base de Vendas'!A:A,">="&G11,'Base de Vendas'!A:A,"<"&EDATE(G11,1))
A12: Game Pass | B12: =SUMIF('Base de Vendas'!C:C,A12,'Base de Vendas'!I:I) | G12: 46113 | H12: =SUMIFS('Base de Vendas'!I:I,'Base de Vendas'!A:A,">="&G12,'Base de Vendas'!A:A,"<"&EDATE(G12,1))
A13: Jogo Digital | B13: =SUMIF('Base de Vendas'!C:C,A13,'Base de Vendas'!I:I) | G13: 46143 | H13: =SUMIFS('Base de Vendas'!I:I,'Base de Vendas'!A:A,">="&G13,'Base de Vendas'!A:A,"<"&EDATE(G13,1))
G14: 46174 | H14: =SUMIFS('Base de Vendas'!I:I,'Base de Vendas'!A:A,">="&G14,'Base de Vendas'!A:A,"<"&EDATE(G14,1))
G15: 46204 | H15: =SUMIFS('Base de Vendas'!I:I,'Base de Vendas'!A:A,">="&G15,'Base de Vendas'!A:A,"<"&EDATE(G15,1))
G16: 46235 | H16: =SUMIFS('Base de Vendas'!I:I,'Base de Vendas'!A:A,">="&G16,'Base de Vendas'!A:A,"<"&EDATE(G16,1))
G17: 46266 | H17: =SUMIFS('Base de Vendas'!I:I,'Base de Vendas'!A:A,">="&G17,'Base de Vendas'!A:A,"<"&EDATE(G17,1))
G18: 46296 | H18: =SUMIFS('Base de Vendas'!I:I,'Base de Vendas'!A:A,">="&G18,'Base de Vendas'!A:A,"<"&EDATE(G18,1))
G19: 46327 | H19: =SUMIFS('Base de Vendas'!I:I,'Base de Vendas'!A:A,">="&G19,'Base de Vendas'!A:A,"<"&EDATE(G19,1))
G20: 46357 | H20: =SUMIFS('Base de Vendas'!I:I,'Base de Vendas'!A:A,">="&G20,'Base de Vendas'!A:A,"<"&EDATE(G20,1))
